dia,preco_max,preco_min,preco_fecho,quantidade_total,total_ordens_dia
2026-01-02,330.0,300.0,330.0,29,21
2026-01-05,367.0,348.0,348.0,146,88
2026-01-06,356.5,339.0,356.5,75,55
2026-01-07,400.0,365.01,396.0,232,161
2026-01-08,384.0,364.0,364.0,72,53
2026-01-09,375.0,349.01,358.0,61,37
2026-01-12,364.0,338.0,347.0,75,61
2026-01-13,369.0,356.0,360.0,69,53
2026-01-14,360.0,350.0,353.0,47,30
2026-01-15,360.0,337.0,338.0,117,82
2026-01-16,332.0,316.0,323.0,116,87
2026-01-19,350.0,338.0,346.0,83,53
2026-01-20,375.0,367.0,373.1,131,104
2026-01-21,366.0,354.0,358.0,88,69
2026-01-22,342.0,325.0,335.0,137,91
2026-01-23,325.0,315.0,324.0,78,63
2026-01-26,321.0,292.5,292.5,101,83
2026-01-27,300.0,284.0,300.0,98,73
2026-01-28,306.0,303.5,306.0,35,22
2026-01-29,318.0,303.0,318.0,88,56
2026-01-30,357.0,315.0,357.0,172,121
2026-02-02,408.5,375.5,405.0,186,119
2026-02-03,420.0,400.0,418.99,168,120
2026-02-04,439.0,416.0,416.0,84,66
2026-02-05,440.0,428.0,432.5,124,90
2026-02-06,461.0,440.0,461.0,98,68
2026-02-09,443.0,415.0,418.5,193,149
2026-02-10,390.0,350.0,351.0,211,139
2026-02-11,386.5,370.0,377.0,46,32
2026-02-12,395.0,380.0,388.0,48,36
2026-02-13,394.0,389.0,393.5,29,23
2026-02-18,402.0,385.0,402.0,43,25
2026-02-19,397.0,384.01,385.0,57,44
2026-02-20,397.0,386.0,395.0,34,28
2026-02-23,422.0,402.0,418.5,78,61
2026-02-24,423.5,418.5,420.0,58,47
2026-02-25,443.0,421.5,425.0,76,56
2026-02-26,433.0,420.0,424.0,49,30
2026-02-27,425.0,412.0,420.0,76,45
2026-03-02,358.0,335.0,337.01,122,77
2026-03-03,356.5,350.0,352.0,30,21
2026-03-04,340.0,322.0,322.0,39,28
2026-03-05,320.0,285.0,300.0,111,78
2026-03-06,308.0,298.0,300.0,36,25
2026-03-09,291.0,272.0,273.0,130,106
2026-03-10,278.0,265.05,278.0,70,48
2026-03-11,290.0,275.1,283.0,73,51
2026-03-12,286.0,270.0,285.0,39,28
2026-03-13,303.0,290.0,303.0,69,51
2026-03-16,317.0,290.0,294.0,114,87
2026-03-17,300.0,290.5,293.0,50,43
2026-03-18,302.5,292.0,301.0,23,16
2026-03-19,304.0,297.0,302.0,14,11
2026-03-20,313.0,300.0,311.5,17,16
2026-03-23,310.0,290.0,292.0,63,46
2026-03-24,248.0,225.0,236.5,159,114
2026-03-25,245.0,226.0,243.0,75,61
2026-03-26,257.0,244.0,250.0,49,38
2026-03-27,239.0,230.0,236.0,40,31
2026-03-30,250.0,236.0,239.0,25,17
2026-03-31,253.0,237.0,253.0,52,36
2026-04-01,205.5,196.0,204.5,31,18
2026-04-02,207.0,204.0,204.0,15,13
2026-04-06,201.0,195.0,197.0,57,33
2026-04-07,199.0,189.0,190.0,82,59
2026-04-08,186.0,178.0,186.0,109,85
2026-04-09,173.0,160.0,171.5,79,64
2026-04-10,177.5,175.0,177.5,7,3
2026-04-13,190.0,175.0,186.99,17,13
2026-04-14,185.0,176.5,184.0,56,48
2026-04-15,189.0,185.0,189.0,10,8
2026-04-16,195.0,190.0,193.99,9,9
2026-04-17,201.0,194.0,200.0,84,72
2026-04-20,242.0,215.0,237.0,152,109
2026-04-22,223.5,211.0,221.9,48,37
2026-04-23,224.0,218.0,219.0,11,8
2026-04-24,242.0,232.0,242.0,22,18
2026-04-27,253.0,252.0,252.0,7,4
2026-04-28,250.0,250.0,250.0,2,1
2026-04-29,282.0,255.0,281.0,56,40
2026-04-30,285.0,275.0,275.5,43,33
2026-05-04,250.0,247.0,249.0,42,32
2026-05-05,246.0,239.0,240.0,43,39
2026-05-06,230.0,224.0,229.0,84,65
2026-05-07,225.0,216.01,225.0,43,25
2026-05-08,228.0,212.0,228.0,20,13
2026-05-12,228.0,217.0,222.0,9,7
2026-05-13,225.0,224.0,225.0,15,4
2026-05-14,233.0,218.0,218.0,141,82
2026-05-15,217.0,209.01,213.0,39,29
2026-05-18,224.0,215.0,224.0,30,16
2026-05-19,232.5,227.0,227.0,24,20
2026-05-20,228.0,223.1,226.5,32,23
2026-05-21,221.0,214.0,217.0,33,27
2026-05-22,220.0,210.0,213.0,33,21
2026-05-25,228.5,224.99,227.0,21,16
2026-05-26,212.0,205.0,206.0,98,83
2026-05-27,210.0,207.0,207.5,5,4
2026-05-28,214.0,206.0,208.0,33,31
2026-05-29,210.0,200.0,206.0,44,35
2026-06-01,205.0,199.0,199.5,41,36
2026-06-02,196.5,190.01,195.5,39,33
2026-06-03,190.0,184.0,187.0,23,13
2026-06-05,186.89,184.0,186.89,4,4
2026-06-08,186.0,180.0,185.0,36,26
2026-06-09,182.0,172.0,175.0,83,55
2026-06-10,175.0,150.0,152.5,155,94
2026-06-11,145.0,134.2,145.0,44,33
2026-06-12,156.5,145.5,155.0,43,23
2026-06-15,151.9,147.0,148.5,45,34
2026-06-16,144.0,138.5,143.8,23,22
2026-06-17,154.5,154.5,154.5,1,1
2026-06-18,168.99,159.99,166.0,32,24
2026-06-19,176.0,165.0,165.0,50,15
2026-06-23,172.0,165.0,168.5,23,17
2026-06-24,169.9,164.51,167.5,37,34
2026-06-25,145.0,132.0,141.0,79,51
2026-06-26,151.5,149.0,150.0,13,13
2026-06-29,146.0,138.0,145.0,18,14
2026-06-30,146.0,135.01,138.0,23,22
2026-07-01,160.0,157.0,160.0,20,12
2026-07-02,162.0,156.0,157.1,47,35
2026-07-03,157.5,145.1,157.0,62,43
2026-07-06,150.01,148.5,150.0,25,22
2026-07-07,151.0,146.0,150.15,19,16
2026-07-08,165.0,155.0,160.0,65,51
2026-07-09,168.0,163.0,166.0,37,25
2026-07-10,168.0,166.0,167.1,12,11
2026-07-13,167.0,155.0,167.0,51,39
2026-07-14,171.0,163.0,170.89,57,48
2026-07-15,171.99,165.5,166.0,13,10
2026-07-16,165.9,161.0,162.1,16,13
2026-07-17,162.5,158.0,162.0,52,27
2026-07-20,162.0,155.5,162.0,24,19
2026-07-21,161.0,157.0,160.0,12,8
2026-07-22,150.6,146.0,149.5,137,87
2026-07-23,146.5,141.01,146.5,46,25
2026-07-24,149.0,147.0,149.0,14,5
2026-07-27,147.0,138.5,145.0,43,26
2026-07-28,154.0,148.0,153.5,31,24
2026-07-29,151.0,143.0,148.0,40,35
2026-07-30,146.0,139.6,143.0,55,44
2026-07-31,143.0,137.01,138.0,67,46
2026-08-03,180.5,175.0,176.51,91,66
2026-08-04,179.0,174.0,179.0,39,29
2026-08-05,185.0,175.0,180.0,49,33
2026-08-06,177.5,172.0,173.0,20,15
2026-08-07,173.0,169.0,169.0,31,9
2026-08-10,180.0,155.0,174.0,83,55
2026-08-11,177.0,169.0,177.0,36,21
2026-08-12,191.0,181.0,187.0,65,53
2026-08-13,185.0,184.9,184.9,8,4
2026-08-14,178.0,178.0,178.0,2,2
2026-08-17,192.22,185.5,187.0,29,19
2026-08-18,191.0,185.0,190.99,29,24
2026-08-19,193.5,185.0,193.5,24,21
2026-08-20,200.0,193.0,199.0,62,49
2026-08-21,200.0,194.0,197.9,34,27
2026-08-24,195.0,182.5,187.0,53,49
