source,title,summary,url,published_at,fetched_at,category,sentiment,score,relevance,reason
megawhat,Clearing pode destravar liquidez e reduzir risco no mercado de energia,"Sinal de preços no mercado livre A criação de uma clearing para o mercado de energia pode mudar a dinâmica de liquidez e gestão de risco no Brasil, ao reduzir a exposição bilateral entre participantes e trazer maior padronização para os contratos. A estrutura, porém, também exigirá adaptação dos agentes, alocação de capital e novas regras de operação. Para Pedro Vidal, […]",https://megawhat.uol.com.br/economia-e-politica/empresas/clearing-pode-destravar-liquidez-e-reduzir-risco-no-mercado-de-energia/,2026-08-20T18:23:48+00:00,2026-08-20T19:26:41+00:00,energy_br,positive,0.46,0.82,"A criação de uma clearing tende a reduzir risco de contraparte, aumentar a liquidez e melhorar a formação de preços no mercado livre, o que é positivo para a evolução do setor. Por outro lado, a implementação pode elevar exigências de capital e adaptação operacional, limitando o efeito no curto prazo."
megawhat,"Data centers de 2 GW podem dar ‘tranco’ no sistema e mudar regras de conexão, diz ONS","Diretor de Planejamento do Operador Nacional do Sistema Elétrico (ONS), Alexandre Zucarato (Divulgação) A expansão de data centers de grande porte no Brasil começa a criar novos desafios para o planejamento e a operação do sistema elétrico. Segundo Alexandre Zucarato, diretor de Planejamento do Operador Nacional do Sistema Elétrico (ONS), cerca de 10 GW em projetos de data centers já estão em diferentes etapas de conexão à rede, […]",https://megawhat.uol.com.br/podcasts/minutomega/minutoega-talks/data-centers-de-2-gw-podem-dar-tranco-no-sistema-e-mudar-regras-de-conexao-diz-ons/,2026-08-20T18:09:01+00:00,2026-08-20T19:26:41+00:00,energy_br,neutral,0.1,0.78,"A notícia sugere aumento potencial de demanda elétrica e necessidade de ajustes regulatórios, o que pode favorecer geradoras e transmissoras no longo prazo. Porém, o impacto ainda é incerto, pois depende da viabilidade e do ritmo efetivo de conexão desses projetos."
megawhat,Petrobras amplia contratos de acesso de terceiros para processamento de gás,"Instalações de gás da Petrobras / crédito: Petrobras A Petrobras, a PetroReconcavo, a Brava Energia e a Origem Energia firmaram aditivos de longo prazo relativos ao acesso ao processamento de gás natural na Unidade de Tratamento de Gás Natural de Catu, unidade localizada em Pojuca (BA) operada pela Petrobras. A UTG faz escoamento e tratamento do gás produzido em campos terrestres na Bahia. […]",https://megawhat.uol.com.br/economia-e-politica/petrobras-amplia-contratos-de-acesso-de-terceiros-para-processamento-de-gas/,2026-08-20T16:01:30+00:00,2026-08-20T19:26:41+00:00,energy_br,positive,0.57,0.86,"A ampliação de acesso de terceiros à infraestrutura de processamento tende a aumentar a utilização da UTG e a monetização de ativos de gás, com potencial benefício para a Petrobras e produtores parceiros. A notícia também sinaliza maior abertura e dinamização do mercado de gás onshore no Brasil, o que é favorável ao setor."
megawhat,"Termelétrica GNA II, de 1,7 GW de capacidade, suspende operação por falha","Com entrada em operação da GNA II, complexo no Rio soma 3 GW de capacidade. A usina termelétrica (UTE) GNA II, com 1,7 GW de capacidade instalada, suspendeu suas operações em 10 de agosto, após falha no disjuntor da turbina a vapor, com impacto sobre o transformador elevador da unidade. A empresa comunicou o incidente ao mercado na noite desta quarta-feira, 19 de agosto. A companhia informou que os sistemas […]",https://megawhat.uol.com.br/economia-e-politica/empresas/termeletrica-gna-ii-de-17-gw-de-capacidade-suspende-operacao-por-falha/,2026-08-20T15:47:39+00:00,2026-08-20T19:26:41+00:00,energy_br,negative,-0.62,0.79,"A interrupção de uma usina relevante reduz temporariamente a oferta de geração e pode afetar receitas da própria ativo no curto prazo. O impacto é importante para o setor, mas tende a ser limitado se o problema for corrigido rapidamente e sem efeitos sistêmicos."
megawhat,"Terminais de GNL já têm concorrência e não precisam de regulação, diz Eneva","Lino Cançado, CEO da Eneva, no MinutoMega Talks A Eneva avalia que a regulação de acesso de terceiros a terminais de gás natural liquefeito (GNL), confirme a resolução da Agência Nacional do Petróleo, Gás Natural e Biocombustíveis (ANP) nº 1.003/2026, é desnecessária para o mercado brasileiro e pode desincentivar novos investimentos. O presidente da companhia, Lino Cançado, avalia que o Brasil já tem […]",https://megawhat.uol.com.br/podcasts/minutomega/minutoega-talks/terminais-de-gnl-ja-tem-concorrencia-e-nao-precisam-de-regulacao-diz-eneva/,2026-08-20T14:59:10+00:00,2026-08-20T19:26:41+00:00,energy_br,neutral,0.1,0.78,"A notícia trata de possível regulação de acesso a terminais de GNL, tema relevante para a estrutura de კონკorrência e investimentos no mercado de gás e energia. O tom é mais opinativo do que factual, com impacto potencial misto: pode favorecer incumbentes ao evitar regulação adicional, mas também sustentar o debate regulatório no setor."
megawhat,Produção de petróleo da União bate recorde em junho,"Produção de petróleo | Foto: Divulgação PPSA A parcela de petróleo da União em junho foi de 330 mil barris por dia, o maior volume de produção atingido desde 2017, quando teve início a produção em regime de partilha. O volume é 35% superior ao obtido em maio, que havia sido o maior registrado até então, e contempla a produção da União […]",https://megawhat.uol.com.br/oleo-e-gas/producao-de-petroleo-da-uniao-bate-recorde-em-junho/,2026-08-20T14:00:00+00:00,2026-08-20T19:26:41+00:00,energy_br,positive,0.74,0.86,"O aumento da parcela de petróleo da União indica maior volume produzido nos campos do pré-sal em regime de partilha, o que tende a elevar receitas governamentais e reforçar a atividade do setor. A notícia é relevante para empresas expostas à produção offshore e à cadeia de óleo e gás listadas na B3, embora o impacto direto varie conforme a participação em cada ativo."
megawhat,MME vê necessidade ‘imediata’ de interligação Brasil–Bolívia,"Linha de transmissão de energia | Foto: Dadito, Free Images O Ministério de Minas e Energia (MME) defendeu que a interligação elétrica Brasil–Bolívia seja considerada de necessidade “imediata”, podendo entrar em operação antes das obras estruturais. O ministério também propôs ajustes no escopo e no cronograma do empreendimento, mas a licitação ainda depende da ratificação do acordo bilateral pelo Congresso. A manifestação está em um […]",https://megawhat.uol.com.br/economia-e-politica/mme-ve-necessidade-imediata-de-interligacao-brasil-bolivia/,2026-08-20T13:03:00+00:00,2026-08-20T19:26:41+00:00,energy_br,positive,0.3,0.78,"A iniciativa pode ampliar a integração energética e a segurança do suprimento no Norte/Centro-Oeste, além de abrir espaço para projetos de transmissão e serviços associados. Ainda assim, o impacto depende da ratificação do acordo e da definição do cronograma/escopo, o que limita o efeito imediato."
megawhat,Compagas e Cia Verde firmam parceria para ampliar uso de gás e biometano em caminhões,"Gasoduto Compagas (Divulgação) A Compagas firmou parceria com a Cia Verde para ampliar o uso de gás natural e biometano no transporte rodoviário de cargas. O acordo prevê a implantação de um ponto de abastecimento na sede da empresa de logística, em Araucária, no Paraná, e faz parte da estratégia da companhia para avançar na transição energética da frota. […]",https://megawhat.uol.com.br/economia-e-politica/empresas/compagas-e-cia-verde-firmam-parceria-para-ampliar-uso-de-gas-e-biometano-em-caminhoes/,2026-08-20T12:00:00+00:00,2026-08-20T19:26:41+00:00,energy_br,positive,0.62,0.74,"A iniciativa tende a favorecer a demanda por gás natural e biometano, reforçando a tese de substituição de diesel no transporte rodoviário e abrindo espaço para expansão comercial do setor. O efeito é positivo para companhias ligadas à distribuição e infraestrutura de gás, embora o impacto imediato seja pontual."
megawhat,Representante da Enel vê processo contaminado e defende discussão técnica – Edição do dia,"Medidor-Enel-SP- Confira as notícias mais relevantes veiculadas na imprensa no MegaExpresso, nosso clipping diário disponível para assinantes.",https://megawhat.uol.com.br/megaexpresso/representante-da-enel-ve-processo-contaminado-e-defende-discussao-tecnica-edicao-do-dia/,2026-08-20T09:46:49+00:00,2026-08-20T19:26:41+00:00,energy_br,neutral,0.0,0.22,"A notícia sugere uma disputa regulatória e reputacional envolvendo a Enel, mas o resumo traz poucas informações concretas sobre efeitos operacionais, financeiros ou regulatórios. O impacto potencial existe para ações do setor elétrico, porém é limitado e ainda bastante incerto."
megawhat,TCU revoga cautelar que tinha bloqueado R$ 5 bi do UBP,"Ministro do TCU Antonio Anastasia. O ministro Antonio Anastasia, do Tribunal de Contas da União (TCU), revogou nesta quarta-feira, 19 de agosto, a cautelar que ele mesmo havia concedido determinando o bloqueio de R$ 5,03 bilhões da repactuação do Uso de Bem Público (UBP) destinados à Conta de Desenvolvimento Energético (CDE). O relator considerou que a manutenção da medida poderia […]",https://megawhat.uol.com.br/geracao/tcu-revoga-cautelar-que-tinha-bloqueado-r-5-bi-do-ubp/,2026-08-19T20:56:26+00:00,2026-08-20T19:26:41+00:00,energy_br,positive,0.71,0.92,"A liberação dos R$ 5,03 bilhões reduz incertezas regulatórias e melhora a previsibilidade de fluxo para a CDE, aliviando pressões de custo no setor elétrico. O efeito tende a ser positivo para distribuidoras, consumidores e agentes expostos a encargos setoriais."
megawhat,CTG vê ‘falsa impressão de sobreoferta de energia’ e projeta aumento nos preços,"Evandro Vasconcelos, vice-presidente de Comercialização e Regulatório da CTG Brasil, no MinutoMega Talks Para o vice-presidente de Comercialização e Regulatório da CTG Brasil, Evandro Vasconcelos, não há tanta sobreoferta de energia no Brasil, apesar dos elevados níveis de curtailment no país e dos desafios para gerenciar o despacho das fontes. “Há uma outra oferta, que é a de contratos. O que faz preço, principalmente para a grande indústria, […]",https://megawhat.uol.com.br/economia-e-politica/ctg-ve-falsa-impressao-de-sobreoferta-de-energia-e-projeta-aumento-nos-precos/,2026-08-20T20:14:06+00:00,2026-08-20T20:38:18+00:00,energy_br,positive,0.42,0.78,"A leitura de menor sobreoferta e possível alta de preços é favorável para geradores e comercializadoras expostas ao mercado livre. O tema é relevante para o setor elétrico brasileiro, embora a notícia reflita mais uma avaliação de mercado do que uma mudança regulatória ou operacional concreta."
megawhat,"Vantagens do mercado livre para o consumidor vão além do preço, avaliam agentes","Painel ""Estamos preparados para a abertura do varejo?"", no MinutoMega Talks Apesar de ser uma grande vantagem na migração para o mercado livre, o preço não será o único ganho de consumidores que optarem pela migração. “Quando pensamos em benefício para o consumidor, primeiramente é o próprio poder de escolha”, avalia a diretora de Operação do Mercado da Câmara de Comercialização de Energia Elétrica (CCEE), Gerusa […]",https://megawhat.uol.com.br/economia-e-politica/vantagens-do-mercado-livre-para-o-consumidor-vao-alem-do-preco-avaliam-agentes/,2026-08-20T20:02:34+00:00,2026-08-20T20:38:18+00:00,energy_br,positive,0.4,0.78,"A discussão reforça a expansão do mercado livre de energia e destaca benefícios estruturais além de preço, o que tende a apoiar a digitalização e a competição no setor. O impacto é positivo para comercializadoras, gestoras de energia e agentes ligados à abertura do varejo, embora ainda dependa do ritmo regulatório."
megawhat,Sinal de preço disfuncional pode levar Brasil a déficit de energia em 2030,"Sinal de preço no MinutoMega Talks (Divulgação) O Brasil precisa rever os sinais de preço do mercado de energia para evitar decisões ineficientes de expansão e preparar o sistema para um cenário de maior flexibilidade. O alerta foi feito por executivos do setor, que apontaram distorções no modelo atual e avaliam que, sem mudanças na formação de preços e na contratação de […]",https://megawhat.uol.com.br/economia-e-politica/empresas/sinal-de-preco-disfuncional-pode-levar-brasil-a-deficit-de-energia-em-2030/,2026-08-20T20:54:36+00:00,2026-08-21T09:39:05+00:00,energy_br,negative,-0.45,0.89,"A notícia sugere risco de déficit e necessidade de revisão regulatória, o que aumenta incerteza para investimentos e planejamento do setor. Embora possa abrir espaço para reformas estruturais, no curto prazo o tema é negativo para empresas de geração, comercialização e expansão do sistema."
megawhat,Aeris pede suspensão de cobranças por 60 dias para renegociar dívida,"Fabricante de pás Aeris/ Crédito: Tauan Alencar (MME) A fabricante de pás eólicas Aeris Energy pediu a suspensão, por até 60 dias, das cobranças e demais medidas judiciais relacionadas às dívidas negociadas com seus principais credores financeiros. A ação foi feita por meio de mediação perante o Centro de Mediação da Associação dos Advogados de São Paulo (CMAASP) seguido de medida cautelar em caráter antecedente . O pedido ocorre no […]",https://megawhat.uol.com.br/economia-e-politica/empresas/aeris-pede-suspensao-de-cobrancas-por-60-dias-para-renegociar-divida/,2026-08-21T12:14:25+00:00,2026-08-21T12:19:04+00:00,energy_br,negative,-0.68,0.72,"A notícia indica فشار financeira relevante em uma fornecedora ligada à cadeia eólica, o que pode aumentar o risco de atraso em entregas e de pressão sobre a atividade do segmento. Embora não afete diretamente preços de energia, pode refletir fragilidade no ecossistema de geração renovável e na confiança de fornecedores do setor."
megawhat,Aneel antecipa estoque de combustível no Norte diante de risco do Super El Niño – Edição do dia,"Sandoval-Feitosa-diretor-geral-da-Aneel-Foto-Michel-Jesus-Aneel Confira as notícias mais relevantes veiculadas na imprensa no MegaExpresso, nosso clipping diário disponível para assinantes.",https://megawhat.uol.com.br/megaexpresso/aneel-antecipa-estoque-de-combustivel-no-norte-diante-de-risco-do-super-el-nino-edicao-do-dia/,2026-08-21T12:11:49+00:00,2026-08-21T12:19:04+00:00,energy_br,negative,-0.55,0.83,"A antecipação de estoque de combustível no Norte indica maior risco hidrológico e possível pressão sobre a operação do sistema, o que pode elevar custos e aumentar a necessidade de despacho térmico. O tema é relevante para o mercado de energia brasileiro por afetar oferta, formação de preços e risco operacional."
megawhat,ONS testará corte automático de até 3 GW de geração solar remota,"Solar/ Crédito: Marcos Santos (USP) O Operador Nacional do Sistema Elétrico (ONS) pretende implementar até o fim deste ano projeto-piloto de um mecanismo capaz de cortar automaticamente até 3 GW de geração de usinas solares remotas em situações de excesso de oferta no sistema elétrico. Chamado de Esquema Regional de Alívio de Geração (ERAG), o mecanismo funcionará como uma nova camada […]",https://megawhat.uol.com.br/podcasts/minutomega/minutoega-talks/ons-testara-corte-automatico-de-ate-3-gw-de-geracao-solar-remota/,2026-08-21T11:55:11+00:00,2026-08-21T12:19:04+00:00,energy_br,negative,-0.7,0.92,"A medida aumenta o risco de restrição de geração para ativos solares, reduzindo receita potencial e elevando a incerteza operacional no curto prazo. É altamente relevante para o mercado elétrico brasileiro porque pode afetar diretamente preços, despacho e a rentabilidade de usinas renováveis conectadas ao sistema."
megawhat,BTG Pactual reduz participação na Aeris Energy,"Fabricante de pás Aeris/ Crédito: Tauan Alencar (MME) O BTG Pactual exerceu opção de venda de ações da Aeris Energy e reduziu sua participação na companhia, de 24,99% para 0,08%. Com a liquidação das ações, a Família Negrão, controladora da companhia, ampliou sua participação na Aeris, passando a deter 76,52% do capital social da empresa. Antes, a participação da Família Negrão no negócio […]",https://megawhat.uol.com.br/economia-e-politica/btg-pactual-reduz-participacao-na-aeris-energy/,2026-08-24T19:58:39+00:00,2026-08-24T20:10:43+00:00,energy_br,negative,-0.4,0.78,A saída quase integral de um acionista relevante pode ser interpretada como sinal de menor confiança no papel e aumentar a percepção de risco sobre a governança e a liquidez da Aeris. O efeito é mais específico para a companhia e para a cadeia eólica do que para o mercado de energia em geral.
megawhat,Prefeitos da Grande São Paulo vão à Aneel em defesa da Enel,"Prefeitos de municípios da Região Metropolitana de São Paulo foram a duas reuniões consecutivas da Agência Nacional de Energia Elétrica (Aneel) defender a continuidade da Enel SP à frente da concessão. Os dois comandam consórcios intermunicipais que, juntos, reúnem 21 cidades e mais de 5,6 milhões de habitantes. Nesta segunda-feira, 24 de agosto, o prefeito […]",https://megawhat.uol.com.br/noticias/prefeitos-da-grande-sao-paulo-vao-a-aneel-em-defesa-da-enel/,2026-08-24T19:23:47+00:00,2026-08-24T20:10:43+00:00,energy_br,neutral,0.1,0.58,"A notícia reduz o risco imediato de mudança na concessão da distribuidora, o que pode trazer alguma estabilidade regulatória no curto prazo. Ainda assim, o efeito é limitado e específico para a Enel SP, com impacto indireto sobre o mercado elétrico brasileiro."
megawhat,CCEE e ONS consultam setor sobre novo software para despacho e formação do PLD,"Preços O Operador Nacional do Sistema Elétrico (ONS) e a Câmara de Comercialização de Energia Elétrica (CCEE) divulgaram nesta segunda-feira, 24 de agosto, uma consulta externa para receber contribuições sobre os requisitos do novo software de modelos energéticos do setor elétrico. O prazo para envio de contribuições termina em 8 de outubro de 2026. A consulta […]",https://megawhat.uol.com.br/planejamento/ccee-e-ons-consulta-setor-sobre-novo-software-para-despacho-e-formacao-do-pld/,2026-08-24T19:08:40+00:00,2026-08-24T20:10:43+00:00,energy_br,neutral,0.1,0.74,"A iniciativa pode melhorar a precisão do despacho e da formação do PLD, reduzindo ruídos e aumentando a previsibilidade do mercado. No entanto, trata-se apenas de uma consulta inicial, sem efeito imediato sobre preços ou liquidez."
megawhat,Abrate escolhe Jorge Bauer para presidência do conselho diretor,"Evento registrado pelo Fotógrafo Alan Rones de Brasília-DF. A Associação Brasileira das Empresas de Transmissão de Energia Elétrica (Abrate) elegeu nesta segunda-feira, 24 de agosto, os novos membros de conselhos para o ciclo de gestão 2026-2028. O executivo Jorge Bauer, vice-presidente da State Grid Brazil Holding, assume a presidência do conselho diretor, na cadeira de Ricardo Cyrino, CEO da Evoltz. Rinaldo Pecchio, CFO da Taesa, assume […]",https://megawhat.uol.com.br/economia-e-politica/empresas/abrate-escolhe-jorge-bauer-para-presidencia-do-conselho-diretor/,2026-08-24T18:59:16+00:00,2026-08-24T20:10:43+00:00,energy_br,neutral,0.05,0.35,"A notícia trata de uma mudança de নেতৃত্ব em uma entidade do setor de transmissão, com efeito mais institucional do que econômico no curto prazo. Pode influenciar a articulação regulatória e o diálogo setorial, mas não altera diretamente preços, oferta ou demanda de energia."
megawhat,Custo da reserva de capacidade pode mudar conforme consumo no pico do sistema,"Ministro de Minas e Energia (MME), Alexandre Silveira / Crédito: Agência Brasil O Ministério de Minas e Energia (MME) propôs mudanças nas regras de contratação e rateio dos custos da reserva de capacidade, buscando alterar a forma de cobrança do Encargo de Potência para Reserva de Capacidade (ERCap) pago pelos consumidores. Com isso, passaria a ser considerado o consumo no período de maior demanda líquida do Sistema Interligado Nacional (SIN), e […]",https://megawhat.uol.com.br/regulacao/custo-da-reserva-de-capacidade-pode-mudar-conforme-consumo-no-pico-do-sistema/,2026-08-24T18:53:02+00:00,2026-08-24T20:10:43+00:00,energy_br,negative,-0.3,0.86,"A proposta altera a forma de rateio do encargo de capacidade, o que pode elevar ou redistribuir custos para consumidores e agentes expostos ao mercado. Embora ainda seja uma mudança regulatória em discussão, o efeito tende a aumentar a incerteza e potencialmente pressionar preços no setor."
megawhat,Aneel avalia manter com distribuidoras escolha sobre redes subterrâneas,"Queda de árvores sobre fios de eletricidade em rede aérea na concessão da Enel Mesmo com o aumento das interrupções provocadas por eventos climáticos extremos, a área técnica da Agência Nacional de Energia Elétrica (Aneel) recomendou manter as regras atuais e deixar com as distribuidoras a decisão de enterrar ou adotar padrões mais robustos de rede. A conclusão, que afasta por enquanto tanto a obrigatoriedade quanto a criação de […]",https://megawhat.uol.com.br/distribuicao/aneel-avalia-manter-com-distribuidoras-escolha-sobre-redes-subterraneas/,2026-08-24T18:25:47+00:00,2026-08-24T20:10:43+00:00,energy_br,neutral,0.05,0.78,"A manutenção das regras atuais reduz a chance de aumento imediato de investimentos compulsórios em redes subterrâneas, o que tende a evitar pressão regulatória sobre tarifas e CAPEX das distribuidoras. Ainda assim, o tema é relevante porque eventos climáticos e continuidade do serviço seguem no centro da discussão regulatória do setor."
megawhat,Elea recebe parecer para conectar data center no Rio de Janeiro,"Data Centers A Elea conseguiu junto ao Operador Nacional do Sistema Elétrico (ONS) parecer de acesso para a conexão do data center Rio AI City à rede básica de transmissão. A autorização se refere a carga de 225 MW, com previsão de operação em janeiro de 2029. De acordo com o parecer de acesso, o projeto Rio […]",https://megawhat.uol.com.br/economia-e-politica/elea-recebe-parecer-para-conectar-data-center-no-rio-de-janeiro/,2026-08-24T18:19:41+00:00,2026-08-24T20:10:43+00:00,energy_br,positive,0.62,0.83,"A conexão de uma nova carga de 225 MW tende a elevar a demanda por energia e capacidade de transmissão, o que é favorável para geradores, comercializadoras e ativos de rede. O impacto é relevante para o mercado brasileiro por indicar expansão estrutural de consumo em grande porte, embora com efeito mais de médio prazo."
megawhat,"Axia Energia e União pagarão R$ 2,6 bi ao Piauí por demora na privatização da Cepisa","Axia Energia é o novo nome da Eletrobras A União e a Axia Energia chegaram a um acordo com o governo do Piauí para o pagamento de R$ 2,6 bilhões em indenização pelos prejuízos decorrentes da demora na privatização da Companhia Energética do Piauí (Cepisa). O valor será dividido de forma igualitária entre a empresa e a União. O acordo, realizado no âmbito […]",https://megawhat.uol.com.br/economia-e-politica/empresas/axia-energia-e-uniao-pagarao-r-26-bi-ao-piaui-por-demora-na-privatizacao-da-cepisa/,2026-08-24T18:18:51+00:00,2026-08-24T20:10:43+00:00,energy_br,negative,-0.45,0.78,"O acordo implica desembolso relevante e potencial pressão sobre o fluxo de caixa da Axia Energia e da União, elevando a percepção de risco regulatório/judicial no setor elétrico. O efeito é mais específico para a empresa e para temas de privatização/indenização do que para o mercado de energia como um todo."
megawhat,Aneel rejeita perícia e leva processo de caducidade da Enel SP à fase final,"Sede da Enel em Niterói, no Rio de Janeiro - Divulgação A diretoria da Agência Nacional de Energia Elétrica (Aneel) rejeitou por unanimidade nesta segunda-feira, 24 de agosto, o pedido da Enel São Paulo para que uma perícia independente revisasse os fundamentos técnicos do processo que pode levar à recomendação de caducidade de sua concessão. O colegiado declarou encerrada a fase de instrução e deu à […]",https://megawhat.uol.com.br/distribuicao/aneel-rejeita-pericia-e-leva-processo-de-caducidade-da-enel-sp-a-fase-final/,2026-08-24T17:32:52+00:00,2026-08-24T20:10:43+00:00,energy_br,negative,-0.74,0.93,"A decisão aumenta a probabilidade de penalidades severas para uma das maiores distribuidoras do país, elevando a percepção de risco regulatório no setor elétrico. O caso pode pressionar o valuation e o apetite por ativos de distribuição, além de reforçar incertezas sobre continuidade operacional e investimentos."
megawhat,Aneel mantém tarifa provisória da Pacto enquanto decide sobre bateria,"Projeto de BESS no Paraná / Crédito Matrix Energia (Divulgação) A Agência Nacional de Energia Elétrica (Aneel) aprovou o resultado provisório da revisão tarifária periódica de 2026 da Pacto Energia Distribuição Paraná (antiga Força e Luz Coronel Vivida – Forcel) nesta segunda-feira, 24 de agosto. O resultado será mantido até a conclusão da fiscalização das áreas técnicas da autarquia sobre a elegibilidade dos ativos do sistema de armazenamento […]",https://megawhat.uol.com.br/economia-e-politica/empresas/aneel-mantem-tarifa-provisoria-da-pacto-enquanto-decide-sobre-bateria/,2026-08-24T17:04:42+00:00,2026-08-24T20:10:43+00:00,energy_br,neutral,0.1,0.55,"A decisão é relevante por envolver regulação tarifária e um projeto de armazenamento (BESS), tema que pode influenciar a remuneração e a integração de novas tecnologias no setor elétrico. Ainda assim, trata-se de um caso específico e provisório, com impacto limitado no mercado amplo da energia."
